"Wavelength, microns",,Wavelength (nm),E-490 W/m2/micron,,E-490 W/m2/nm
0.1195,1000,119.5,6.19E-02,1000,6.19E+01
0.1205,,120.5,0.5614,,5.61E+02
0.1215,,121.5,4.901,,4.90E+03
0.1225,,122.5,1.184,,1.18E+03
0.1235,,123.5,4.77E-02,,4.77E+01
0.1245,,124.5,3.43E-02,,3.43E+01
0.1255,,125.5,2.88E-02,,2.88E+01
0.1265,,126.5,3.52E-02,,3.52E+01
0.1275,,127.5,2.13E-02,,2.13E+01
0.1285,,128.5,1.73E-02,,1.73E+01
0.1295,,129.5,3.99E-02,,3.99E+01
0.1305,,130.5,0.1206,,1.21E+02
0.1315,,131.5,3.98E-02,,3.98E+01
0.1325,,132.5,4.13E-02,,4.13E+01
0.1335,,133.5,0.168,,1.68E+02
0.1345,,134.5,4.57E-02,,4.57E+01
0.1355,,135.5,3.80E-02,,3.80E+01
0.1365,,136.5,3.09E-02,,3.09E+01
0.1375,,137.5,2.92E-02,,2.92E+01
0.1385,,138.5,3.97E-02,,3.97E+01
0.1395,,139.5,7.56E-02,,7.56E+01
0.1405,,140.5,6.08E-02,,6.08E+01
0.1415,,141.5,4.21E-02,,4.21E+01
0.1425,,142.5,4.68E-02,,4.68E+01
0.1435,,143.5,5.11E-02,,5.11E+01
0.1445,,144.5,5.09E-02,,5.09E+01
0.1455,,145.5,5.54E-02,,5.54E+01
0.1465,,146.5,7.09E-02,,7.09E+01
0.1475,,147.5,8.49E-02,,8.49E+01
0.1485,,148.5,8.20E-02,,8.20E+01
0.1495,,149.5,7.96E-02,,7.96E+01
0.1505,,150.5,8.70E-02,,8.70E+01
0.1515,,151.5,9.27E-02,,9.27E+01
0.1525,,152.5,0.1163,,1.16E+02
0.1535,,153.5,0.1299,,1.30E+02
0.1545,,154.5,0.2059,,2.06E+02
0.1555,,155.5,0.2144,,2.14E+02
0.1565,,156.5,0.1847,,1.85E+02
0.1575,,157.5,0.1717,,1.72E+02
0.1585,,158.5,0.1675,,1.68E+02
0.1595,,159.5,0.1754,,1.75E+02
0.1605,,160.5,0.1934,,1.93E+02
0.1615,,161.5,0.2228,,2.23E+02
0.1625,,162.5,0.2519,,2.52E+02
0.1635,,163.5,0.2841,,2.84E+02
0.1645,,164.5,0.2973,,2.97E+02
0.1655,,165.5,0.4302,,4.30E+02
0.1665,,166.5,0.3989,,3.99E+02
0.1675,,167.5,0.3875,,3.88E+02
0.1685,,168.5,0.4556,,4.56E+02
0.1695,,169.5,0.5877,,5.88E+02
0.1705,,170.5,0.6616,,6.62E+02
0.1715,,171.5,0.688,,6.88E+02
0.1725,,172.5,0.7252,,7.25E+02
0.1735,,173.5,0.7645,,7.65E+02
0.1745,,174.5,0.9067,,9.07E+02
0.1755,,175.5,1.079,,1.08E+03
0.1765,,176.5,1.22,,1.22E+03
0.1775,,177.5,1.403,,1.40E+03
0.1785,,178.5,1.538,,1.54E+03
0.1795,,179.5,1.576,,1.58E+03
0.1805,,180.5,1.831,,1.83E+03
0.1815,,181.5,2.233,,2.23E+03
0.1825,,182.5,2.243,,2.24E+03
0.1835,,183.5,2.244,,2.24E+03
0.1845,,184.5,2.066,,2.07E+03
0.1855,,185.5,2.311,,2.31E+03
0.1865,,186.5,2.7,,2.70E+03
0.1875,,187.5,3.009,,3.01E+03
0.1885,,188.5,3.291,,3.29E+03
0.1895,,189.5,3.569,,3.57E+03
0.1905,,190.5,3.764,,3.76E+03
0.1915,,191.5,4.165,,4.17E+03
0.1925,,192.5,4.113,,4.11E+03
0.1935,,193.5,3.808,,3.81E+03
0.1945,,194.5,5.21,,5.21E+03
0.1955,,195.5,5.427,,5.43E+03
0.1965,,196.5,6.008,,6.01E+03
0.1975,,197.5,6.191,,6.19E+03
0.1985,,198.5,6.187,,6.19E+03
0.1995,,199.5,6.664,,6.66E+03
0.2005,,200.5,7.326,,7.33E+03
0.2015,,201.5,8.023,,8.02E+03
0.2025,,202.5,8.261,,8.26E+03
0.2035,,203.5,9.217,,9.22E+03
0.2045,,204.5,10.25,,1.03E+04
0.2055,,205.5,10.54,,1.05E+04
0.2065,,206.5,11.08,,1.11E+04
0.2075,,207.5,12.65,,1.27E+04
0.2085,,208.5,15.05,,1.51E+04
0.2095,,209.5,21.38,,2.14E+04
0.2105,,210.5,27.92,,2.79E+04
0.2115,,211.5,33.54,,3.35E+04
0.2125,,212.5,31.3,,3.13E+04
0.2135,,213.5,33.15,,3.32E+04
0.2145,,214.5,40.03,,4.00E+04
0.2155,,215.5,36.15,,3.62E+04
0.2165,,216.5,32.27,,3.23E+04
0.2175,,217.5,35.29,,3.53E+04
0.2185,,218.5,44.37,,4.44E+04
0.2195,,219.5,46.92,,4.69E+04
0.2205,,220.5,47.33,,4.73E+04
0.2215,,221.5,39.58,,3.96E+04
0.2225,,222.5,49.65,,4.97E+04
0.2235,,223.5,63.01,,6.30E+04
0.2245,,224.5,58.97,,5.90E+04
0.2255,,225.5,52.29,,5.23E+04
0.2265,,226.5,39.4,,3.94E+04
0.2275,,227.5,39.92,,3.99E+04
0.2285,,228.5,51.95,,5.20E+04
0.2295,,229.5,47.71,,4.77E+04
0.2305,,230.5,52.12,,5.21E+04
0.2315,,231.5,50.97,,5.10E+04
0.2325,,232.5,53.26,,5.33E+04
0.2335,,233.5,44.74,,4.47E+04
0.2345,,234.5,38.97,,3.90E+04
0.2355,,235.5,51.42,,5.14E+04
0.2365,,236.5,48.59,,4.86E+04
0.2375,,237.5,48.44,,4.84E+04
0.2385,,238.5,41.96,,4.20E+04
0.2395,,239.5,44.12,,4.41E+04
0.2405,,240.5,39.56,,3.96E+04
0.2415,,241.5,51.48,,5.15E+04
0.2425,,242.5,70.6,,7.06E+04
0.2435,,243.5,66.53,,6.65E+04
0.2445,,244.5,60.97,,6.10E+04
0.2455,,245.5,49.39,,4.94E+04
0.2465,,246.5,50.4,,5.04E+04
0.2475,,247.5,55.5,,5.55E+04
0.2485,,248.5,45.65,,4.57E+04
0.2495,,249.5,56.38,,5.64E+04
0.2505,,250.5,60.1,,6.01E+04
0.2515,,251.5,46.01,,4.60E+04
0.2525,,252.5,41.55,,4.16E+04
0.2535,,253.5,51.55,,5.16E+04
0.2545,,254.5,59.57,,5.96E+04
0.2555,,255.5,79.3,,7.93E+04
0.2565,,256.5,101.8,,1.02E+05
0.2575,,257.5,125.4,,1.25E+05
0.2585,,258.5,125.1,,1.25E+05
0.2595,,259.5,104,,1.04E+05
0.2605,,260.5,85.51,,8.55E+04
0.2615,,261.5,89.8,,8.98E+04
0.2625,,262.5,103.6,,1.04E+05
0.2635,,263.5,165.8,,1.66E+05
0.2645,,264.5,249.7,,2.50E+05
0.2655,,265.5,252.7,,2.53E+05
0.2665,,266.5,249.4,,2.49E+05
0.2675,,267.5,250.8,,2.51E+05
0.2685,,268.5,243.8,,2.44E+05
0.2695,,269.5,238.9,,2.39E+05
0.2705,,270.5,267.3,,2.67E+05
0.2715,,271.5,224.4,,2.24E+05
0.2725,,272.5,197.4,,1.97E+05
0.2735,,273.5,196.5,,1.97E+05
0.2745,,274.5,132.6,,1.33E+05
0.2755,,275.5,175.1,,1.75E+05
0.2765,,276.5,242.8,,2.43E+05
0.2775,,277.5,233.8,,2.34E+05
0.2785,,278.5,159.3,,1.59E+05
0.2795,,279.5,85.55,,8.56E+04
0.2805,,280.5,94.63,,9.46E+04
0.2815,,281.5,208.3,,2.08E+05
0.2825,,282.5,294.1,,2.94E+05
0.2835,,283.5,313.5,,3.14E+05
0.2845,,284.5,235.3,,2.35E+05
0.2855,,285.5,163.1,,1.63E+05
0.2865,,286.5,322.7,,3.23E+05
0.2875,,287.5,336.3,,3.36E+05
0.2885,,288.5,322.2,,3.22E+05
0.2895,,289.5,472.7,,4.73E+05
0.2905,,290.5,601.3,,6.01E+05
0.2915,,291.5,580.8,,5.81E+05
0.2925,,292.5,521.9,,5.22E+05
0.2935,,293.5,535.5,,5.36E+05
0.2945,,294.5,508.8,,5.09E+05
0.2955,,295.5,553.2,,5.53E+05
0.2965,,296.5,509.6,,5.10E+05
0.2975,,297.5,507.3,,5.07E+05
0.2985,,298.5,465.5,,4.66E+05
0.2995,,299.5,484,,4.84E+05
0.3005,,300.5,420,,4.20E+05
0.3015,,301.5,455.5,,4.56E+05
0.3025,,302.5,489,,4.89E+05
0.3035,,303.5,620.6,,6.21E+05
0.3045,,304.5,602.5,,6.03E+05
0.3055,,305.5,594.8,,5.95E+05
0.3065,,306.5,555.7,,5.56E+05
0.3075,,307.5,615,,6.15E+05
0.3085,,308.5,611.4,,6.11E+05
0.3095,,309.5,496.5,,4.97E+05
0.3105,,310.5,622.4,,6.22E+05
0.3115,,311.5,729.2,,7.29E+05
0.3125,,312.5,655.9,,6.56E+05
0.3135,,313.5,699.9,,7.00E+05
0.3145,,314.5,662.9,,6.63E+05
0.3155,,315.5,633,,6.33E+05
0.3165,,316.5,633.2,,6.33E+05
0.3175,,317.5,773.9,,7.74E+05
0.3185,,318.5,664.9,,6.65E+05
0.3195,,319.5,710.5,,7.11E+05
0.3205,,320.5,805.1,,8.05E+05
0.3215,,321.5,699.5,,7.00E+05
0.3225,,322.5,688.6,,6.89E+05
0.3235,,323.5,661.3,,6.61E+05
0.3245,,324.5,760.8,,7.61E+05
0.3255,,325.5,875.8,,8.76E+05
0.3265,,326.5,979.5,,9.80E+05
0.3275,,327.5,952.7,,9.53E+05
0.3285,,328.5,917.6,,9.18E+05
0.3295,,329.5,1061,,1.06E+06
0.3305,,330.5,1016,,1.02E+06
0.3315,,331.5,965.7,,9.66E+05
0.3325,,332.5,954.9,,9.55E+05
0.3335,,333.5,921.6,,9.22E+05
0.3345,,334.5,958.9,,9.59E+05
0.3355,,335.5,943.4,,9.43E+05
0.3365,,336.5,809.5,,8.10E+05
0.3375,,337.5,841.8,,8.42E+05
0.3385,,338.5,921.5,,9.22E+05
0.3395,,339.5,958.1,,9.58E+05
0.3405,,340.5,1007,,1.01E+06
0.3415,,341.5,923.8,,9.24E+05
0.3425,,342.5,993,,9.93E+05
0.3435,,343.5,950.6,,9.51E+05
0.3445,,344.5,795.7,,7.96E+05
0.3455,,345.5,939.2,,9.39E+05
0.3465,,346.5,926.4,,9.26E+05
0.3475,,347.5,901.7,,9.02E+05
0.3485,,348.5,897.2,,8.97E+05
0.3495,,349.5,889.8,,8.90E+05
0.3505,,350.5,1050,,1.05E+06
0.3515,,351.5,979.5,,9.80E+05
0.3525,,352.5,907.9,,9.08E+05
0.3535,,353.5,1033,,1.03E+06
0.3545,,354.5,1111,,1.11E+06
0.3555,,355.5,1045,,1.05E+06
0.3565,,356.5,912.3,,9.12E+05
0.3575,,357.5,796,,7.96E+05
0.3585,,358.5,693.6,,6.94E+05
0.3595,,359.5,991.1,,9.91E+05
0.3605,,360.5,970.8,,9.71E+05
0.3615,,361.5,878.1,,8.78E+05
0.3625,,362.5,997.8,,9.98E+05
0.3635,,363.5,996.9,,9.97E+05
0.3645,,364.5,1013,,1.01E+06
0.3655,,365.5,1152,,1.15E+06
0.3665,,366.5,1233,,1.23E+06
0.3675,,367.5,1180,,1.18E+06
0.3685,,368.5,1101,,1.10E+06
0.3695,,369.5,1226,,1.23E+06
0.3705,,370.5,1139,,1.14E+06
0.3715,,371.5,1175,,1.18E+06
0.3725,,372.5,1054,,1.05E+06
0.3735,,373.5,920.2,,9.20E+05
0.3745,,374.5,900.4,,9.00E+05
0.3755,,375.5,1062,,1.06E+06
0.3765,,376.5,1085,,1.09E+06
0.3775,,377.5,1282,,1.28E+06
0.3785,,378.5,1327,,1.33E+06
0.3795,,379.5,1066,,1.07E+06
0.3805,,380.5,1202,,1.20E+06
0.3815,,381.5,1082,,1.08E+06
0.3825,,382.5,791.3,,7.91E+05
0.3835,,383.5,684.1,,6.84E+05
0.3845,,384.5,959.7,,9.60E+05
0.3855,,385.5,1008,,1.01E+06
0.3865,,386.5,1007,,1.01E+06
0.3875,,387.5,1004,,1.00E+06
0.3885,,388.5,984.3,,9.84E+05
0.3895,,389.5,1174,,1.17E+06
0.3905,,390.5,1247,,1.25E+06
0.3915,,391.5,1342,,1.34E+06
0.3925,,392.5,1019,,1.02E+06
0.3935,,393.5,582.3,,5.82E+05
0.3945,,394.5,1026,,1.03E+06
0.3955,,395.5,1314,,1.31E+06
0.3965,,396.5,854.5,,8.55E+05
0.3975,,397.5,928.8,,9.29E+05
0.3985,,398.5,1522,,1.52E+06
0.3995,,399.5,1663,,1.66E+06
0.4005,,400.5,1682,,1.68E+06
0.4015,,401.5,1746,,1.75E+06
0.4025,,402.5,1759,,1.76E+06
0.4035,,403.5,1684,,1.68E+06
0.4045,,404.5,1674,,1.67E+06
0.4055,,405.5,1667,,1.67E+06
0.4065,,406.5,1589,,1.59E+06
0.4075,,407.5,1628,,1.63E+06
0.4085,,408.5,1735,,1.74E+06
0.4095,,409.5,1715,,1.72E+06
0.4105,,410.5,1532,,1.53E+06
0.4115,,411.5,1817,,1.82E+06
0.4125,,412.5,1789,,1.79E+06
0.4135,,413.5,1756,,1.76E+06
0.4145,,414.5,1737,,1.74E+06
0.4155,,415.5,1734,,1.73E+06
0.4165,,416.5,1842,,1.84E+06
0.4175,,417.5,1665,,1.67E+06
0.4185,,418.5,1684,,1.68E+06
0.4195,,419.5,1701,,1.70E+06
0.4205,,420.5,1757,,1.76E+06
0.4215,,421.5,1797,,1.80E+06
0.4225,,422.5,1582,,1.58E+06
0.4235,,423.5,1711,,1.71E+06
0.4245,,424.5,1767,,1.77E+06
0.4255,,425.5,1695,,1.70E+06
0.4265,,426.5,1698,,1.70E+06
0.4275,,427.5,1569,,1.57E+06
0.4285,,428.5,1587,,1.59E+06
0.4295,,429.5,1475,,1.48E+06
0.4305,,430.5,1135,,1.14E+06
0.4315,,431.5,1686,,1.69E+06
0.4325,,432.5,1646,,1.65E+06
0.4335,,433.5,1731,,1.73E+06
0.4345,,434.5,1670,,1.67E+06
0.4355,,435.5,1723,,1.72E+06
0.4365,,436.5,1929,,1.93E+06
0.4375,,437.5,1806,,1.81E+06
0.4385,,438.5,1567,,1.57E+06
0.4395,,439.5,1825,,1.83E+06
0.4405,,440.5,1713,,1.71E+06
0.4415,,441.5,1931,,1.93E+06
0.4425,,442.5,1980,,1.98E+06
0.4435,,443.5,1909,,1.91E+06
0.4445,,444.5,1973,,1.97E+06
0.4455,,445.5,1821,,1.82E+06
0.4465,,446.5,1891,,1.89E+06
0.4475,,447.5,2077,,2.08E+06
0.4485,,448.5,1973,,1.97E+06
0.4495,,449.5,2027,,2.03E+06
0.4505,,450.5,2144,,2.14E+06
0.4515,,451.5,2109,,2.11E+06
0.4525,,452.5,1941,,1.94E+06
0.4535,,453.5,1970,,1.97E+06
0.4545,,454.5,1979,,1.98E+06
0.4555,,455.5,2034,,2.03E+06
0.4565,,456.5,2077,,2.08E+06
0.4575,,457.5,2100,,2.10E+06
0.4585,,458.5,1971,,1.97E+06
0.4595,,459.5,2009,,2.01E+06
0.4605,,460.5,2040,,2.04E+06
0.4615,,461.5,2055,,2.06E+06
0.4625,,462.5,2104,,2.10E+06
0.4635,,463.5,2040,,2.04E+06
0.4645,,464.5,1976,,1.98E+06
0.4655,,465.5,2042,,2.04E+06
0.4665,,466.5,1921,,1.92E+06
0.4675,,467.5,2015,,2.02E+06
0.4685,,468.5,1994,,1.99E+06
0.4695,,469.5,1990,,1.99E+06
0.4705,,470.5,1877,,1.88E+06
0.4715,,471.5,2018,,2.02E+06
0.4725,,472.5,2041,,2.04E+06
0.4735,,473.5,1991,,1.99E+06
0.4745,,474.5,2051,,2.05E+06
0.4755,,475.5,2016,,2.02E+06
0.4765,,476.5,1956,,1.96E+06
0.4775,,477.5,2075,,2.08E+06
0.4785,,478.5,2009,,2.01E+06
0.4795,,479.5,2076,,2.08E+06
0.4805,,480.5,2035,,2.04E+06
0.4815,,481.5,2090,,2.09E+06
0.4825,,482.5,2023,,2.02E+06
0.4835,,483.5,2019,,2.02E+06
0.4845,,484.5,1969,,1.97E+06
0.4855,,485.5,1830,,1.83E+06
0.4865,,486.5,1625,,1.63E+06
0.4875,,487.5,1830,,1.83E+06
0.4885,,488.5,1914,,1.91E+06
0.4895,,489.5,1960,,1.96E+06
0.4905,,490.5,2007,,2.01E+06
0.4915,,491.5,1896,,1.90E+06
0.4925,,492.5,1896,,1.90E+06
0.4935,,493.5,1888,,1.89E+06
0.4945,,494.5,2058,,2.06E+06
0.4955,,495.5,1926,,1.93E+06
0.4965,,496.5,2017,,2.02E+06
0.4975,,497.5,2018,,2.02E+06
0.4985,,498.5,1866,,1.87E+06
0.4995,,499.5,1970,,1.97E+06
0.5005,,500.5,1857,,1.86E+06
0.5015,,501.5,1812,,1.81E+06
0.5025,,502.5,1894,,1.89E+06
0.5035,,503.5,1934,,1.93E+06
0.5045,,504.5,1869,,1.87E+06
0.5055,,505.5,1993,,1.99E+06
0.5065,,506.5,1961,,1.96E+06
0.5075,,507.5,1906,,1.91E+06
0.5085,,508.5,1919,,1.92E+06
0.5095,,509.5,1916,,1.92E+06
0.5105,,510.5,1947,,1.95E+06
0.5115,,511.5,1997,,2.00E+06
0.5125,,512.5,1867,,1.87E+06
0.5135,,513.5,1861,,1.86E+06
0.5145,,514.5,1874,,1.87E+06
0.5155,,515.5,1900,,1.90E+06
0.5165,,516.5,1669,,1.67E+06
0.5175,,517.5,1726,,1.73E+06
0.5185,,518.5,1654,,1.65E+06
0.5195,,519.5,1828,,1.83E+06
0.5205,,520.5,1831,,1.83E+06
0.5215,,521.5,1906,,1.91E+06
0.5225,,522.5,1823,,1.82E+06
0.5235,,523.5,1894,,1.89E+06
0.5245,,524.5,1958,,1.96E+06
0.5255,,525.5,1930,,1.93E+06
0.5265,,526.5,1674,,1.67E+06
0.5275,,527.5,1828,,1.83E+06
0.5285,,528.5,1897,,1.90E+06
0.5295,,529.5,1918,,1.92E+06
0.5305,,530.5,1952,,1.95E+06
0.5315,,531.5,1963,,1.96E+06
0.5325,,532.5,1770,,1.77E+06
0.5335,,533.5,1923,,1.92E+06
0.5345,,534.5,1858,,1.86E+06
0.5355,,535.5,1990,,1.99E+06
0.5365,,536.5,1871,,1.87E+06
0.5375,,537.5,1882,,1.88E+06
0.5385,,538.5,1904,,1.90E+06
0.5395,,539.5,1832,,1.83E+06
0.5405,,540.5,1769,,1.77E+06
0.5415,,541.5,1881,,1.88E+06
0.5425,,542.5,1825,,1.83E+06
0.5435,,543.5,1879,,1.88E+06
0.5445,,544.5,1879,,1.88E+06
0.5455,,545.5,1901,,1.90E+06
0.5465,,546.5,1879,,1.88E+06
0.5475,,547.5,1833,,1.83E+06
0.5485,,548.5,1863,,1.86E+06
0.5495,,549.5,1895,,1.90E+06
0.5505,,550.5,1862,,1.86E+06
0.5515,,551.5,1871,,1.87E+06
0.5525,,552.5,1846,,1.85E+06
0.5535,,553.5,1882,,1.88E+06
0.5545,,554.5,1898,,1.90E+06
0.5555,,555.5,1897,,1.90E+06
0.5565,,556.5,1821,,1.82E+06
0.5575,,557.5,1846,,1.85E+06
0.5585,,558.5,1787,,1.79E+06
0.5595,,559.5,1808,,1.81E+06
0.5605,,560.5,1843,,1.84E+06
0.5615,,561.5,1824,,1.82E+06
0.5625,,562.5,1850,,1.85E+06
0.5635,,563.5,1861,,1.86E+06
0.5645,,564.5,1854,,1.85E+06
0.5655,,565.5,1798,,1.80E+06
0.5665,,566.5,1829,,1.83E+06
0.5675,,567.5,1887,,1.89E+06
0.5685,,568.5,1810,,1.81E+06
0.5695,,569.5,1860,,1.86E+06
0.5705,,570.5,1769,,1.77E+06
0.5715,,571.5,1823,,1.82E+06
0.5725,,572.5,1892,,1.89E+06
0.5735,,573.5,1876,,1.88E+06
0.5745,,574.5,1867,,1.87E+06
0.5755,,575.5,1830,,1.83E+06
0.5765,,576.5,1846,,1.85E+06
0.5775,,577.5,1857,,1.86E+06
0.5785,,578.5,1783,,1.78E+06
0.5795,,579.5,1828,,1.83E+06
0.5805,,580.5,1838,,1.84E+06
0.5815,,581.5,1853,,1.85E+06
0.5825,,582.5,1873,,1.87E+06
0.5835,,583.5,1857,,1.86E+06
0.5845,,584.5,1860,,1.86E+06
0.5855,,585.5,1783,,1.78E+06
0.5865,,586.5,1830,,1.83E+06
0.5875,,587.5,1848,,1.85E+06
0.5885,,588.5,1750,,1.75E+06
0.5895,,589.5,1612,,1.61E+06
0.5905,,590.5,1813,,1.81E+06
0.5915,,591.5,1787,,1.79E+06
0.5925,,592.5,1808,,1.81E+06
0.5935,,593.5,1796,,1.80E+06
0.5945,,594.5,1773,,1.77E+06
0.5955,,595.5,1782,,1.78E+06
0.5965,,596.5,1805,,1.81E+06
0.5975,,597.5,1780,,1.78E+06
0.5985,,598.5,1757,,1.76E+06
0.5995,,599.5,1774,,1.77E+06
0.6005,,600.5,1746,,1.75E+06
0.6015,,601.5,1751,,1.75E+06
0.6025,,602.5,1719,,1.72E+06
0.6035,,603.5,1787,,1.79E+06
0.6045,,604.5,1776,,1.78E+06
0.6055,,605.5,1763,,1.76E+06
0.6065,,606.5,1759,,1.76E+06
0.6075,,607.5,1757,,1.76E+06
0.6085,,608.5,1743,,1.74E+06
0.6095,,609.5,1744,,1.74E+06
0.6105,,610.5,1703,,1.70E+06
0.6115,,611.5,1746,,1.75E+06
0.6125,,612.5,1705,,1.71E+06
0.6135,,613.5,1683,,1.68E+06
0.6145,,614.5,1713,,1.71E+06
0.6155,,615.5,1713,,1.71E+06
0.6165,,616.5,1609,,1.61E+06
0.6175,,617.5,1707,,1.71E+06
0.6185,,618.5,1724,,1.72E+06
0.6195,,619.5,1707,,1.71E+06
0.6205,,620.5,1734,,1.73E+06
0.6215,,621.5,1690,,1.69E+06
0.6225,,622.5,1713,,1.71E+06
0.6235,,623.5,1666,,1.67E+06
0.6245,,624.5,1656,,1.66E+06
0.6255,,625.5,1632,,1.63E+06
0.6265,,626.5,1697,,1.70E+06
0.6275,,627.5,1697,,1.70E+06
0.6285,,628.5,1697,,1.70E+06
0.6295,,629.5,1677,,1.68E+06
0.631,,631,1639,,1.64E+06
0.633,,633,1651,,1.65E+06
0.635,,635,1656,,1.66E+06
0.637,,637,1654,,1.65E+06
0.639,,639,1651,,1.65E+06
0.641,,641,1614,,1.61E+06
0.643,,643,1621,,1.62E+06
0.645,,645,1627,,1.63E+06
0.647,,647,1603,,1.60E+06
0.649,,649,1558,,1.56E+06
0.651,,651,1606,,1.61E+06
0.653,,653,1599,,1.60E+06
0.655,,655,1532,,1.53E+06
0.657,,657,1384,,1.38E+06
0.659,,659,1549,,1.55E+06
0.661,,661,1571,,1.57E+06
0.663,,663,1555,,1.56E+06
0.665,,665,1560,,1.56E+06
0.667,,667,1535,,1.54E+06
0.669,,669,1546,,1.55E+06
0.671,,671,1516,,1.52E+06
0.673,,673,1521,,1.52E+06
0.675,,675,1510,,1.51E+06
0.677,,677,1508,,1.51E+06
0.679,,679,1498,,1.50E+06
0.681,,681,1492,,1.49E+06
0.683,,683,1479,,1.48E+06
0.685,,685,1455,,1.46E+06
0.687,,687,1467,,1.47E+06
0.689,,689,1461,,1.46E+06
0.691,,691,1448,,1.45E+06
0.693,,693,1448,,1.45E+06
0.695,,695,1436,,1.44E+06
0.697,,697,1416,,1.42E+06
0.699,,699,1425,,1.43E+06
0.701,,701,1386,,1.39E+06
0.703,,703,1388,,1.39E+06
0.705,,705,1415,,1.42E+06
0.707,,707,1400,,1.40E+06
0.709,,709,1384,,1.38E+06
0.711,,711,1385,,1.39E+06
0.713,,713,1373,,1.37E+06
0.715,,715,1366,,1.37E+06
0.717,,717,1354,,1.35E+06
0.719,,719,1328,,1.33E+06
0.721,,721,1331,,1.33E+06
0.723,,723,1348,,1.35E+06
0.725,,725,1350,,1.35E+06
0.727,,727,1346,,1.35E+06
0.729,,729,1319,,1.32E+06
0.731,,731,1326,,1.33E+06
0.733,,733,1318,,1.32E+06
0.735,,735,1309,,1.31E+06
0.737,,737,1307,,1.31E+06
0.739,,739,1278,,1.28E+06
0.741,,741,1258,,1.26E+06
0.743,,743,1286,,1.29E+06
0.745,,745,1279,,1.28E+06
0.747,,747,1283,,1.28E+06
0.749,,749,1270,,1.27E+06
0.751,,751,1262,,1.26E+06
0.753,,753,1259,,1.26E+06
0.755,,755,1255,,1.26E+06
0.757,,757,1248,,1.25E+06
0.759,,759,1240,,1.24E+06
0.761,,761,1237,,1.24E+06
0.763,,763,1241,,1.24E+06
0.765,,765,1221,,1.22E+06
0.767,,767,1185,,1.19E+06
0.769,,769,1203,,1.20E+06
0.771,,771,1204,,1.20E+06
0.773,,773,1208,,1.21E+06
0.775,,775,1188,,1.19E+06
0.777,,777,1196,,1.20E+06
0.779,,779,1187,,1.19E+06
0.781,,781,1187,,1.19E+06
0.783,,783,1176,,1.18E+06
0.785,,785,1180,,1.18E+06
0.787,,787,1177,,1.18E+06
0.789,,789,1174,,1.17E+06
0.791,,791,1158,,1.16E+06
0.793,,793,1143,,1.14E+06
0.795,,795,1134,,1.13E+06
0.797,,797,1152,,1.15E+06
0.799,,799,1135,,1.14E+06
0.801,,801,1142,,1.14E+06
0.803,,803,1129,,1.13E+06
0.805,,805,1115,,1.12E+06
0.807,,807,1120,,1.12E+06
0.809,,809,1095,,1.10E+06
0.811,,811,1114,,1.11E+06
0.813,,813,1115,,1.12E+06
0.815,,815,1107,,1.11E+06
0.817,,817,1104,,1.10E+06
0.819,,819,1063,,1.06E+06
0.821,,821,1080,,1.08E+06
0.823,,823,1073,,1.07E+06
0.825,,825,1075,,1.08E+06
0.826,,826,1080,,1.08E+06
0.828,,828,1081,,1.08E+06
0.83,,830,1063,,1.06E+06
0.832,,832,1051,,1.05E+06
0.834,,834,1041,,1.04E+06
0.836,,836,1052,,1.05E+06
0.838,,838,1044,,1.04E+06
0.84,,840,1040,,1.04E+06
0.842,,842,1036,,1.04E+06
0.844,,844,1024,,1.02E+06
0.846,,846,1028,,1.03E+06
0.848,,848,1023,,1.02E+06
0.85,,850,966,,9.66E+05
0.852,,852,996.1,,9.96E+05
0.854,,854,878,,8.78E+05
0.856,,856,975.5,,9.76E+05
0.858,,858,1005,,1.01E+06
0.86,,860,996.9,,9.97E+05
0.862,,862,994.9,,9.95E+05
0.864,,864,999.3,,9.99E+05
0.866,,866,886.2,,8.86E+05
0.868,,868,939.5,,9.40E+05
0.87,,870,974.7,,9.75E+05
0.872,,872,983.3,,9.83E+05
0.874,,874,971.3,,9.71E+05
0.876,,876,964,,9.64E+05
0.878,,878,974.9,,9.75E+05
0.88,,880,955.4,,9.55E+05
0.882,,882,951.1,,9.51E+05
0.884,,884,957.9,,9.58E+05
0.886,,886,938.3,,9.38E+05
0.888,,888,944.3,,9.44E+05
0.89,,890,953,,9.53E+05
0.892,,892,939.4,,9.39E+05
0.894,,894,933.2,,9.33E+05
0.896,,896,938.7,,9.39E+05
0.898,,898,933.9,,9.34E+05
0.9,,900,915.8,,9.16E+05
0.902,,902,891.6,,8.92E+05
0.904,,904,928.5,,9.29E+05
0.906,,906,917.6,,9.18E+05
0.908,,908,902.5,,9.03E+05
0.91,,910,891.6,,8.92E+05
0.912,,912,896.7,,8.97E+05
0.914,,914,907.1,,9.07E+05
0.916,,916,900.4,,9.00E+05
0.918,,918,895.1,,8.95E+05
0.92,,920,890.8,,8.91E+05
0.922,,922,863,,8.63E+05
0.924,,924,858.5,,8.59E+05
0.926,,926,861.2,,8.61E+05
0.928,,928,876.9,,8.77E+05
0.93,,930,867.7,,8.68E+05
0.932,,932,865.1,,8.65E+05
0.934,,934,864.1,,8.64E+05
0.936,,936,854.7,,8.55E+05
0.938,,938,858,,8.58E+05
0.94,,940,843.8,,8.44E+05
0.942,,942,825,,8.25E+05
0.944,,944,832.4,,8.32E+05
0.946,,946,837.5,,8.38E+05
0.948,,948,840.7,,8.41E+05
0.95,,950,836.9,,8.37E+05
0.952,,952,831.7,,8.32E+05
0.954,,954,808,,8.08E+05
0.956,,956,808.2,,8.08E+05
0.958,,958,818.8,,8.19E+05
0.96,,960,815.1,,8.15E+05
0.962,,962,808.9,,8.09E+05
0.964,,964,801.3,,8.01E+05
0.966,,966,794.7,,7.95E+05
0.968,,968,796.9,,7.97E+05
0.97,,970,795.9,,7.96E+05
0.972,,972,793.6,,7.94E+05
0.974,,974,781.5,,7.82E+05
0.976,,976,782.5,,7.83E+05
0.978,,978,777.9,,7.78E+05
0.98,,980,774.6,,7.75E+05
0.982,,982,776.4,,7.76E+05
0.984,,984,769.8,,7.70E+05
0.986,,986,766.1,,7.66E+05
0.988,,988,761.5,,7.62E+05
0.99,,990,754.1,,7.54E+05
0.992,,992,756.7,,7.57E+05
0.994,,994,755.6,,7.56E+05
0.996,,996,752.5,,7.53E+05
0.998,,998,751,,7.51E+05
1,,1000,747.9,,7.48E+05
1.002,,1002,746.9,,7.47E+05
1.004,,1004,726.1,,7.26E+05
1.006,,1006,713.6,,7.14E+05
1.008,,1008,733.5,,7.34E+05
1.01,,1010,731.3,,7.31E+05
1.012,,1012,726.2,,7.26E+05
1.014,,1014,721,,7.21E+05
1.016,,1016,713.9,,7.14E+05
1.018,,1018,710.7,,7.11E+05
1.02,,1020,704.1,,7.04E+05
1.022,,1022,702.1,,7.02E+05
1.024,,1024,705.4,,7.05E+05
1.026,,1026,702.7,,7.03E+05
1.028,,1028,698.9,,6.99E+05
1.03,,1030,693.7,,6.94E+05
1.032,,1032,690.5,,6.91E+05
1.034,,1034,681.7,,6.82E+05
1.036,,1036,684,,6.84E+05
1.038,,1038,677.2,,6.77E+05
1.04,,1040,676.1,,6.76E+05
1.042,,1042,674.6,,6.75E+05
1.044,,1044,671.4,,6.71E+05
1.046,,1046,660,,6.60E+05
1.048,,1048,664.4,,6.64E+05
1.05,,1050,662.2,,6.62E+05
1.052,,1052,658.6,,6.59E+05
1.054,,1054,654.9,,6.55E+05
1.056,,1056,655.7,,6.56E+05
1.058,,1058,645.1,,6.45E+05
1.06,,1060,641.5,,6.42E+05
1.062,,1062,643.8,,6.44E+05
1.064,,1064,645.9,,6.46E+05
1.066,,1066,639.5,,6.40E+05
1.068,,1068,631.7,,6.32E+05
1.07,,1070,624.1,,6.24E+05
1.072,,1072,632.6,,6.33E+05
1.074,,1074,627.6,,6.28E+05
1.076,,1076,628,,6.28E+05
1.078,,1078,627.2,,6.27E+05
1.08,,1080,624.7,,6.25E+05
1.082,,1082,609.9,,6.10E+05
1.084,,1084,618,,6.18E+05
1.086,,1086,620.8,,6.21E+05
1.088,,1088,610.3,,6.10E+05
1.09,,1090,619.9,,6.20E+05
1.092,,1092,615.9,,6.16E+05
1.094,,1094,584.9,,5.85E+05
1.096,,1096,598.3,,5.98E+05
1.098,,1098,596.1,,5.96E+05
1.1,,1100,604.2,,6.04E+05
1.102,,1102,593.2,,5.93E+05
1.104,,1104,597.4,,5.97E+05
1.106,,1106,594.5,,5.95E+05
1.108,,1108,591.6,,5.92E+05
1.11,,1110,590.6,,5.91E+05
1.112,,1112,584.3,,5.84E+05
1.114,,1114,584.4,,5.84E+05
1.116,,1116,583.1,,5.83E+05
1.118,,1118,581.5,,5.82E+05
1.12,,1120,574.1,,5.74E+05
1.122,,1122,579.6,,5.80E+05
1.124,,1124,576.9,,5.77E+05
1.126,,1126,565.5,,5.66E+05
1.128,,1128,570,,5.70E+05
1.13,,1130,565.3,,5.65E+05
1.132,,1132,567.8,,5.68E+05
1.134,,1134,563.8,,5.64E+05
1.136,,1136,565.8,,5.66E+05
1.138,,1138,556.9,,5.57E+05
1.14,,1140,553,,5.53E+05
1.142,,1142,553.1,,5.53E+05
1.144,,1144,551.4,,5.51E+05
1.146,,1146,554.8,,5.55E+05
1.148,,1148,552.5,,5.53E+05
1.15,,1150,548.9,,5.49E+05
1.152,,1152,545.8,,5.46E+05
1.154,,1154,547.9,,5.48E+05
1.156,,1156,545.5,,5.46E+05
1.158,,1158,543.5,,5.44E+05
1.16,,1160,532,,5.32E+05
1.162,,1162,532.5,,5.33E+05
1.164,,1164,533.2,,5.33E+05
1.166,,1166,530.3,,5.30E+05
1.168,,1168,531.2,,5.31E+05
1.17,,1170,527.6,,5.28E+05
1.172,,1172,531.5,,5.32E+05
1.174,,1174,527.3,,5.27E+05
1.176,,1176,518.4,,5.18E+05
1.178,,1178,519,,5.19E+05
1.18,,1180,523.9,,5.24E+05
1.182,,1182,515.9,,5.16E+05
1.184,,1184,510.3,,5.10E+05
1.186,,1186,518.7,,5.19E+05
1.188,,1188,507.5,,5.08E+05
1.19,,1190,508.5,,5.09E+05
1.192,,1192,516.1,,5.16E+05
1.194,,1194,514.5,,5.15E+05
1.196,,1196,508.4,,5.08E+05
1.198,,1198,494.3,,4.94E+05
1.2,,1200,500.3,,5.00E+05
1.202,,1202,506.8,,5.07E+05
1.204,,1204,494.8,,4.95E+05
1.206,,1206,503.9,,5.04E+05
1.208,,1208,489,,4.89E+05
1.21,,1210,488.2,,4.88E+05
1.212,,1212,493.3,,4.93E+05
1.214,,1214,494.2,,4.94E+05
1.216,,1216,493,,4.93E+05
1.218,,1218,489.7,,4.90E+05
1.22,,1220,487.5,,4.88E+05
1.222,,1222,485.4,,4.85E+05
1.224,,1224,484.6,,4.85E+05
1.226,,1226,481.7,,4.82E+05
1.228,,1228,477.1,,4.77E+05
1.23,,1230,479.2,,4.79E+05
1.232,,1232,475,,4.75E+05
1.234,,1234,472.9,,4.73E+05
1.236,,1236,471.9,,4.72E+05
1.238,,1238,470.3,,4.70E+05
1.24,,1240,465.3,,4.65E+05
1.242,,1242,464.2,,4.64E+05
1.244,,1244,461.9,,4.62E+05
1.246,,1246,463.5,,4.64E+05
1.248,,1248,463.3,,4.63E+05
1.25,,1250,462.4,,4.62E+05
1.252,,1252,457.1,,4.57E+05
1.254,,1254,457.4,,4.57E+05
1.256,,1256,455.1,,4.55E+05
1.258,,1258,453.3,,4.53E+05
1.26,,1260,453,,4.53E+05
1.262,,1262,449.7,,4.50E+05
1.264,,1264,447.8,,4.48E+05
1.266,,1266,446.7,,4.47E+05
1.268,,1268,441.7,,4.42E+05
1.27,,1270,445.3,,4.45E+05
1.272,,1272,445.2,,4.45E+05
1.274,,1274,443.1,,4.43E+05
1.276,,1276,445.1,,4.45E+05
1.278,,1278,444,,4.44E+05
1.28,,1280,435.6,,4.36E+05
1.282,,1282,401.4,,4.01E+05
1.284,,1284,425.9,,4.26E+05
1.286,,1286,432.8,,4.33E+05
1.288,,1288,431.4,,4.31E+05
1.29,,1290,425.5,,4.26E+05
1.292,,1292,425.4,,4.25E+05
1.294,,1294,422.3,,4.22E+05
1.296,,1296,422.4,,4.22E+05
1.298,,1298,418.4,,4.18E+05
1.3,,1300,418.6,,4.19E+05
1.302,,1302,413.9,,4.14E+05
1.304,,1304,411.1,,4.11E+05
1.306,,1306,413.6,,4.14E+05
1.308,,1308,412.3,,4.12E+05
1.31,,1310,410.6,,4.11E+05
1.312,,1312,403.3,,4.03E+05
1.314,,1314,402.2,,4.02E+05
1.316,,1316,397.9,,3.98E+05
1.318,,1318,401.7,,4.02E+05
1.32,,1320,401.6,,4.02E+05
1.322,,1322,398.6,,3.99E+05
1.324,,1324,398.1,,3.98E+05
1.326,,1326,394.9,,3.95E+05
1.328,,1328,390.8,,3.91E+05
1.33,,1330,387.8,,3.88E+05
1.332,,1332,386.3,,3.86E+05
1.334,,1334,389.2,,3.89E+05
1.336,,1336,386.6,,3.87E+05
1.338,,1338,383.2,,3.83E+05
1.34,,1340,379,,3.79E+05
1.342,,1342,380.5,,3.81E+05
1.344,,1344,379.8,,3.80E+05
1.346,,1346,377.2,,3.77E+05
1.348,,1348,376.6,,3.77E+05
1.35,,1350,372.4,,3.72E+05
1.352,,1352,374.2,,3.74E+05
1.354,,1354,372.2,,3.72E+05
1.356,,1356,367.5,,3.68E+05
1.358,,1358,368.8,,3.69E+05
1.36,,1360,367.3,,3.67E+05
1.362,,1362,367.7,,3.68E+05
1.364,,1364,365.7,,3.66E+05
1.366,,1366,365.7,,3.66E+05
1.368,,1368,362.8,,3.63E+05
1.37,,1370,359.9,,3.60E+05
1.372,,1372,362.1,,3.62E+05
1.374,,1374,361.1,,3.61E+05
1.376,,1376,356.1,,3.56E+05
1.378,,1378,358,,3.58E+05
1.38,,1380,357.9,,3.58E+05
1.382,,1382,354.5,,3.55E+05
1.384,,1384,354.7,,3.55E+05
1.386,,1386,353.2,,3.53E+05
1.388,,1388,353,,3.53E+05
1.39,,1390,350.6,,3.51E+05
1.392,,1392,351.3,,3.51E+05
1.394,,1394,348.8,,3.49E+05
1.396,,1396,348.7,,3.49E+05
1.398,,1398,349.2,,3.49E+05
1.4,,1400,342.7,,3.43E+05
1.402,,1402,343.9,,3.44E+05
1.404,,1404,342.8,,3.43E+05
1.406,,1406,343.1,,3.43E+05
1.408,,1408,342.7,,3.43E+05
1.41,,1410,341.8,,3.42E+05
1.412,,1412,334.8,,3.35E+05
1.414,,1414,337.7,,3.38E+05
1.416,,1416,338.5,,3.39E+05
1.418,,1418,338.6,,3.39E+05
1.42,,1420,335.7,,3.36E+05
1.422,,1422,331.5,,3.32E+05
1.424,,1424,331.1,,3.31E+05
1.426,,1426,328.1,,3.28E+05
1.428,,1428,328.5,,3.29E+05
1.43,,1430,325.7,,3.26E+05
1.432,,1432,330,,3.30E+05
1.434,,1434,328.4,,3.28E+05
1.436,,1436,328.5,,3.29E+05
1.438,,1438,328.3,,3.28E+05
1.44,,1440,318.8,,3.19E+05
1.442,,1442,318.6,,3.19E+05
1.444,,1444,319.7,,3.20E+05
1.446,,1446,321.6,,3.22E+05
1.448,,1448,321.6,,3.22E+05
1.45,,1450,318.7,,3.19E+05
1.452,,1452,315.4,,3.15E+05
1.454,,1454,314.3,,3.14E+05
1.456,,1456,313.1,,3.13E+05
1.458,,1458,316.7,,3.17E+05
1.46,,1460,315.6,,3.16E+05
1.462,,1462,312.1,,3.12E+05
1.464,,1464,310.5,,3.11E+05
1.466,,1466,310.8,,3.11E+05
1.468,,1468,311.4,,3.11E+05
1.47,,1470,310.2,,3.10E+05
1.472,,1472,307.3,,3.07E+05
1.474,,1474,303.4,,3.03E+05
1.476,,1476,304.8,,3.05E+05
1.478,,1478,304.4,,3.04E+05
1.48,,1480,306.8,,3.07E+05
1.482,,1482,304.4,,3.04E+05
1.484,,1484,303.9,,3.04E+05
1.486,,1486,303.3,,3.03E+05
1.488,,1488,285.5,,2.86E+05
1.49,,1490,301.5,,3.02E+05
1.492,,1492,301.8,,3.02E+05
1.494,,1494,303.3,,3.03E+05
1.496,,1496,297.2,,2.97E+05
1.498,,1498,299.4,,2.99E+05
1.5,,1500,301.1,,3.01E+05
1.502,,1502,292.4,,2.92E+05
1.504,,1504,279.9,,2.80E+05
1.506,,1506,284.8,,2.85E+05
1.508,,1508,291.9,,2.92E+05
1.51,,1510,294.7,,2.95E+05
1.512,,1512,291.3,,2.91E+05
1.514,,1514,288.3,,2.88E+05
1.516,,1516,288.2,,2.88E+05
1.518,,1518,288.4,,2.88E+05
1.52,,1520,286.6,,2.87E+05
1.522,,1522,282.4,,2.82E+05
1.524,,1524,283.5,,2.84E+05
1.526,,1526,284.6,,2.85E+05
1.528,,1528,284.6,,2.85E+05
1.53,,1530,276.5,,2.77E+05
1.532,,1532,282.3,,2.82E+05
1.534,,1534,278.4,,2.78E+05
1.536,,1536,280.6,,2.81E+05
1.538,,1538,277.3,,2.77E+05
1.54,,1540,273,,2.73E+05
1.542,,1542,275.3,,2.75E+05
1.544,,1544,277.8,,2.78E+05
1.546,,1546,277.2,,2.77E+05
1.548,,1548,271.1,,2.71E+05
1.55,,1550,271.3,,2.71E+05
1.552,,1552,273.1,,2.73E+05
1.554,,1554,267.6,,2.68E+05
1.556,,1556,267.1,,2.67E+05
1.558,,1558,268.9,,2.69E+05
1.56,,1560,268.3,,2.68E+05
1.562,,1562,269.7,,2.70E+05
1.564,,1564,266.9,,2.67E+05
1.566,,1566,265.4,,2.65E+05
1.568,,1568,263.3,,2.63E+05
1.57,,1570,264.5,,2.65E+05
1.572,,1572,267.3,,2.67E+05
1.574,,1574,261,,2.61E+05
1.576,,1576,253.6,,2.54E+05
1.578,,1578,254.7,,2.55E+05
1.58,,1580,265,,2.65E+05
1.582,,1582,259,,2.59E+05
1.584,,1584,259.1,,2.59E+05
1.586,,1586,259.9,,2.60E+05
1.588,,1588,249,,2.49E+05
1.59,,1590,240.5,,2.41E+05
1.592,,1592,252.6,,2.53E+05
1.594,,1594,258.3,,2.58E+05
1.596,,1596,250.6,,2.51E+05
1.598,,1598,254.5,,2.55E+05
1.6,,1600,251.2,,2.51E+05
1.602,,1602,248.9,,2.49E+05
1.604,,1604,249.7,,2.50E+05
1.606,,1606,247.7,,2.48E+05
1.608,,1608,249.1,,2.49E+05
1.61,,1610,240,,2.40E+05
1.612,,1612,243,,2.43E+05
1.614,,1614,244.9,,2.45E+05
1.616,,1616,237.4,,2.37E+05
1.618,,1618,242.3,,2.42E+05
1.62,,1620,236.9,,2.37E+05
1.622,,1622,238.3,,2.38E+05
1.624,,1624,241.6,,2.42E+05
1.626,,1626,240.2,,2.40E+05
1.628,,1628,241.8,,2.42E+05
1.63,,1630,239.3,,2.39E+05
1.632,,1632,238.7,,2.39E+05
1.634,,1634,235.9,,2.36E+05
1.636,,1636,235.7,,2.36E+05
1.638,,1638,227.4,,2.27E+05
1.64,,1640,226.2,,2.26E+05
1.642,,1642,226.6,,2.27E+05
1.644,,1644,227.8,,2.28E+05
1.646,,1646,229.4,,2.29E+05
1.648,,1648,229.2,,2.29E+05
1.65,,1650,227.2,,2.27E+05
1.652,,1652,226.8,,2.27E+05
1.654,,1654,226.2,,2.26E+05
1.656,,1656,226,,2.26E+05
1.658,,1658,225.2,,2.25E+05
1.66,,1660,224.5,,2.25E+05
1.662,,1662,224.6,,2.25E+05
1.664,,1664,222.7,,2.23E+05
1.666,,1666,221.2,,2.21E+05
1.668,,1668,219.3,,2.19E+05
1.67,,1670,222.5,,2.23E+05
1.672,,1672,217.3,,2.17E+05
1.674,,1674,219.3,,2.19E+05
1.676,,1676,216.1,,2.16E+05
1.678,,1678,216.8,,2.17E+05
1.68,,1680,208,,2.08E+05
1.682,,1682,205.4,,2.05E+05
1.684,,1684,212.9,,2.13E+05
1.686,,1686,213.1,,2.13E+05
1.688,,1688,212,,2.12E+05
1.69,,1690,210.5,,2.11E+05
1.692,,1692,212.3,,2.12E+05
1.694,,1694,211.2,,2.11E+05
1.696,,1696,210,,2.10E+05
1.698,,1698,208.9,,2.09E+05
1.7,,1700,206.3,,2.06E+05
1.702,,1702,204.7,,2.05E+05
1.704,,1704,205.2,,2.05E+05
1.706,,1706,205,,2.05E+05
1.708,,1708,201.7,,2.02E+05
1.71,,1710,201.3,,2.01E+05
1.712,,1712,198.2,,1.98E+05
1.714,,1714,203.7,,2.04E+05
1.716,,1716,202.2,,2.02E+05
1.718,,1718,201,,2.01E+05
1.72,,1720,199.3,,1.99E+05
1.722,,1722,197.5,,1.98E+05
1.724,,1724,195.4,,1.95E+05
1.726,,1726,198.2,,1.98E+05
1.728,,1728,197.1,,1.97E+05
1.73,,1730,198.4,,1.98E+05
1.732,,1732,193.6,,1.94E+05
1.734,,1734,187.4,,1.87E+05
1.736,,1736,182.7,,1.83E+05
1.738,,1738,186.3,,1.86E+05
1.74,,1740,190.5,,1.91E+05
1.742,,1742,190.2,,1.90E+05
1.744,,1744,190.7,,1.91E+05
1.746,,1746,186.7,,1.87E+05
1.748,,1748,187.2,,1.87E+05
1.75,,1750,185.8,,1.86E+05
1.752,,1752,185,,1.85E+05
1.754,,1754,185.6,,1.86E+05
1.756,,1756,184.9,,1.85E+05
1.758,,1758,184.3,,1.84E+05
1.76,,1760,183.1,,1.83E+05
1.762,,1762,179.3,,1.79E+05
1.764,,1764,180.7,,1.81E+05
1.766,,1766,181.7,,1.82E+05
1.768,,1768,180.2,,1.80E+05
1.77,,1770,179.1,,1.79E+05
1.772,,1772,179.4,,1.79E+05
1.774,,1774,179.2,,1.79E+05
1.776,,1776,176.3,,1.76E+05
1.778,,1778,174.7,,1.75E+05
1.78,,1780,175.6,,1.76E+05
1.782,,1782,174.7,,1.75E+05
1.784,,1784,173.5,,1.74E+05
1.786,,1786,173.9,,1.74E+05
1.788,,1788,174.7,,1.75E+05
1.79,,1790,173.3,,1.73E+05
1.792,,1792,172.1,,1.72E+05
1.794,,1794,170.9,,1.71E+05
1.796,,1796,170.6,,1.71E+05
1.798,,1798,170.3,,1.70E+05
1.8,,1800,169.9,,1.70E+05
1.802,,1802,167.2,,1.67E+05
1.804,,1804,168.8,,1.69E+05
1.806,,1806,168.8,,1.69E+05
1.808,,1808,168.5,,1.69E+05
1.81,,1810,168.6,,1.69E+05
1.812,,1812,167.5,,1.68E+05
1.814,,1814,165.8,,1.66E+05
1.816,,1816,160.5,,1.61E+05
1.818,,1818,152,,1.52E+05
1.82,,1820,159.6,,1.60E+05
1.822,,1822,159.8,,1.60E+05
1.824,,1824,162.4,,1.62E+05
1.826,,1826,162.8,,1.63E+05
1.828,,1828,161.1,,1.61E+05
1.83,,1830,160.6,,1.61E+05
1.832,,1832,159.3,,1.59E+05
1.834,,1834,158.5,,1.59E+05
1.836,,1836,158.1,,1.58E+05
1.838,,1838,156.2,,1.56E+05
1.84,,1840,156.2,,1.56E+05
1.842,,1842,154,,1.54E+05
1.844,,1844,154.1,,1.54E+05
1.846,,1846,153.5,,1.54E+05
1.848,,1848,151,,1.51E+05
1.85,,1850,154.6,,1.55E+05
1.852,,1852,153.4,,1.53E+05
1.854,,1854,152.5,,1.53E+05
1.856,,1856,150.9,,1.51E+05
1.858,,1858,152.5,,1.53E+05
1.86,,1860,150.3,,1.50E+05
1.862,,1862,150.4,,1.50E+05
1.864,,1864,150.9,,1.51E+05
1.866,,1866,149.4,,1.49E+05
1.868,,1868,149.2,,1.49E+05
1.87,,1870,150.8,,1.51E+05
1.872,,1872,147.3,,1.47E+05
1.874,,1874,140.1,,1.40E+05
1.876,,1876,129.9,,1.30E+05
1.878,,1878,144.1,,1.44E+05
1.88,,1880,146.2,,1.46E+05
1.882,,1882,147.4,,1.47E+05
1.884,,1884,146.4,,1.46E+05
1.886,,1886,143.9,,1.44E+05
1.888,,1888,145.3,,1.45E+05
1.89,,1890,142.4,,1.42E+05
1.892,,1892,140.8,,1.41E+05
1.894,,1894,139.6,,1.40E+05
1.896,,1896,137.3,,1.37E+05
1.898,,1898,139,,1.39E+05
1.9,,1900,139.7,,1.40E+05
1.902,,1902,140.9,,1.41E+05
1.904,,1904,138.6,,1.39E+05
1.906,,1906,139,,1.39E+05
1.908,,1908,137.7,,1.38E+05
1.91,,1910,137.8,,1.38E+05
1.912,,1912,135.4,,1.35E+05
1.914,,1914,137,,1.37E+05
1.916,,1916,136,,1.36E+05
1.918,,1918,135.3,,1.35E+05
1.92,,1920,133.3,,1.33E+05
1.922,,1922,135,,1.35E+05
1.924,,1924,134.1,,1.34E+05
1.926,,1926,134.4,,1.34E+05
1.928,,1928,132.2,,1.32E+05
1.93,,1930,131.3,,1.31E+05
1.932,,1932,130.8,,1.31E+05
1.934,,1934,132,,1.32E+05
1.936,,1936,132.8,,1.33E+05
1.938,,1938,132.1,,1.32E+05
1.94,,1940,129.9,,1.30E+05
1.942,,1942,129.4,,1.29E+05
1.944,,1944,120.3,,1.20E+05
1.946,,1946,119.2,,1.19E+05
1.948,,1948,127.1,,1.27E+05
1.95,,1950,126.1,,1.26E+05
1.952,,1952,125.5,,1.26E+05
1.954,,1954,128.6,,1.29E+05
1.956,,1956,127.6,,1.28E+05
1.958,,1958,127.1,,1.27E+05
1.96,,1960,126.1,,1.26E+05
1.962,,1962,124,,1.24E+05
1.964,,1964,122.2,,1.22E+05
1.966,,1966,123.1,,1.23E+05
1.968,,1968,124,,1.24E+05
1.97,,1970,123.9,,1.24E+05
1.972,,1972,121.3,,1.21E+05
1.974,,1974,120.8,,1.21E+05
1.976,,1976,122.4,,1.22E+05
1.978,,1978,119.4,,1.19E+05
1.98,,1980,119.6,,1.20E+05
1.982,,1982,120.5,,1.21E+05
1.984,,1984,119.7,,1.20E+05
1.986,,1986,117.8,,1.18E+05
1.988,,1988,119.5,,1.20E+05
1.99,,1990,119.8,,1.20E+05
1.992,,1992,118,,1.18E+05
1.994,,1994,116.2,,1.16E+05
1.996,,1996,117.3,,1.17E+05
1.998,,1998,115.9,,1.16E+05
2,,2000,117,,1.17E+05
2.002,,2002,116.1,,1.16E+05
2.004,,2004,114.8,,1.15E+05
2.006,,2006,114.7,,1.15E+05
2.008,,2008,115.4,,1.15E+05
2.01,,2010,114.9,,1.15E+05
2.012,,2012,114.5,,1.15E+05
2.014,,2014,113.8,,1.14E+05
2.016,,2016,113.7,,1.14E+05
2.018,,2018,113.4,,1.13E+05
2.02,,2020,111.6,,1.12E+05
2.022,,2022,110.7,,1.11E+05
2.024,,2024,111.6,,1.12E+05
2.026,,2026,111.5,,1.12E+05
2.028,,2028,110.7,,1.11E+05
2.03,,2030,108.6,,1.09E+05
2.032,,2032,109.8,,1.10E+05
2.034,,2034,109.2,,1.09E+05
2.036,,2036,108.3,,1.08E+05
2.038,,2038,106.4,,1.06E+05
2.04,,2040,107.8,,1.08E+05
2.042,,2042,107.6,,1.08E+05
2.044,,2044,107.6,,1.08E+05
2.046,,2046,107.1,,1.07E+05
2.048,,2048,106.3,,1.06E+05
2.05,,2050,105.9,,1.06E+05
2.052,,2052,104.7,,1.05E+05
2.054,,2054,104.6,,1.05E+05
2.056,,2056,104.6,,1.05E+05
2.058,,2058,104,,1.04E+05
2.06,,2060,102.8,,1.03E+05
2.062,,2062,102.3,,1.02E+05
2.064,,2064,100.5,,1.01E+05
2.066,,2066,102.5,,1.03E+05
2.068,,2068,101.9,,1.02E+05
2.07,,2070,100.3,,1.00E+05
2.072,,2072,100.4,,1.00E+05
2.074,,2074,100.9,,1.01E+05
2.076,,2076,100.6,,1.01E+05
2.078,,2078,100,,1.00E+05
2.08,,2080,98.78,,9.88E+04
2.082,,2082,98.64,,9.86E+04
2.084,,2084,97.72,,9.77E+04
2.086,,2086,98.52,,9.85E+04
2.088,,2088,98.35,,9.84E+04
2.09,,2090,97.88,,9.79E+04
2.092,,2092,95.67,,9.57E+04
2.094,,2094,95.93,,9.59E+04
2.096,,2096,95.8,,9.58E+04
2.098,,2098,96.2,,9.62E+04
2.1,,2100,96.06,,9.61E+04
2.102,,2102,95.77,,9.58E+04
2.104,,2104,95.59,,9.56E+04
2.106,,2106,95.74,,9.57E+04
2.108,,2108,95.13,,9.51E+04
2.11,,2110,93.96,,9.40E+04
2.112,,2112,94.52,,9.45E+04
2.114,,2114,94.36,,9.44E+04
2.116,,2116,93.31,,9.33E+04
2.118,,2118,93.11,,9.31E+04
2.12,,2120,92.75,,9.28E+04
2.122,,2122,92.75,,9.28E+04
2.124,,2124,91.89,,9.19E+04
2.126,,2126,92.08,,9.21E+04
2.128,,2128,92.25,,9.23E+04
2.13,,2130,92.09,,9.21E+04
2.132,,2132,92.1,,9.21E+04
2.134,,2134,91.55,,9.16E+04
2.136,,2136,90.12,,9.01E+04
2.138,,2138,91.1,,9.11E+04
2.14,,2140,90.83,,9.08E+04
2.142,,2142,90.64,,9.06E+04
2.144,,2144,90.06,,9.01E+04
2.146,,2146,89.39,,8.94E+04
2.148,,2148,89.79,,8.98E+04
2.15,,2150,89.57,,8.96E+04
2.152,,2152,89.13,,8.91E+04
2.154,,2154,88.78,,8.88E+04
2.156,,2156,88.74,,8.87E+04
2.158,,2158,88.42,,8.84E+04
2.16,,2160,87.81,,8.78E+04
2.162,,2162,86.86,,8.69E+04
2.164,,2164,84.56,,8.46E+04
2.166,,2166,78.49,,7.85E+04
2.168,,2168,83,,8.30E+04
2.17,,2170,85.57,,8.56E+04
2.172,,2172,85.91,,8.59E+04
2.174,,2174,85.92,,8.59E+04
2.176,,2176,85.32,,8.53E+04
2.178,,2178,84.25,,8.43E+04
2.18,,2180,84.97,,8.50E+04
2.182,,2182,84.25,,8.43E+04
2.184,,2184,84.57,,8.46E+04
2.186,,2186,84.65,,8.47E+04
2.188,,2188,82.77,,8.28E+04
2.19,,2190,83.04,,8.30E+04
2.192,,2192,83.77,,8.38E+04
2.194,,2194,83.49,,8.35E+04
2.196,,2196,83.18,,8.32E+04
2.198,,2198,82.99,,8.30E+04
2.2,,2200,82.65,,8.27E+04
2.202,,2202,82.3,,8.23E+04
2.204,,2204,82.11,,8.21E+04
2.206,,2206,79.66,,7.97E+04
2.208,,2208,79.66,,7.97E+04
2.21,,2210,80.8,,8.08E+04
2.212,,2212,81.05,,8.11E+04
2.214,,2214,80.72,,8.07E+04
2.216,,2216,79.94,,7.99E+04
2.218,,2218,79.7,,7.97E+04
2.22,,2220,79.97,,8.00E+04
2.222,,2222,79.62,,7.96E+04
2.224,,2224,79.26,,7.93E+04
2.226,,2226,78.11,,7.81E+04
2.228,,2228,78.26,,7.83E+04
2.23,,2230,78.31,,7.83E+04
2.232,,2232,78.15,,7.82E+04
2.234,,2234,78.02,,7.80E+04
2.236,,2236,77.58,,7.76E+04
2.238,,2238,76.48,,7.65E+04
2.24,,2240,76.39,,7.64E+04
2.242,,2242,76.42,,7.64E+04
2.244,,2244,76.24,,7.62E+04
2.246,,2246,76.12,,7.61E+04
2.248,,2248,75.2,,7.52E+04
2.25,,2250,75.41,,7.54E+04
2.252,,2252,75.12,,7.51E+04
2.254,,2254,74.02,,7.40E+04
2.256,,2256,74.22,,7.42E+04
2.258,,2258,74.41,,7.44E+04
2.26,,2260,74.21,,7.42E+04
2.262,,2262,72.99,,7.30E+04
2.264,,2264,73.29,,7.33E+04
2.266,,2266,73.15,,7.32E+04
2.268,,2268,73.27,,7.33E+04
2.27,,2270,72.97,,7.30E+04
2.272,,2272,72.77,,7.28E+04
2.274,,2274,72.52,,7.25E+04
2.276,,2276,72.39,,7.24E+04
2.278,,2278,72.42,,7.24E+04
2.28,,2280,71.65,,7.17E+04
2.282,,2282,70.07,,7.01E+04
2.284,,2284,71.25,,7.13E+04
2.286,,2286,71.24,,7.12E+04
2.288,,2288,71.27,,7.13E+04
2.29,,2290,71.1,,7.11E+04
2.292,,2292,70.67,,7.07E+04
2.294,,2294,69.2,,6.92E+04
2.296,,2296,69.08,,6.91E+04
2.298,,2298,69.19,,6.92E+04
2.3,,2300,69.53,,6.95E+04
2.302,,2302,69.55,,6.96E+04
2.304,,2304,69.31,,6.93E+04
2.306,,2306,69.23,,6.92E+04
2.308,,2308,69.01,,6.90E+04
2.31,,2310,68.7,,6.87E+04
2.312,,2312,68.67,,6.87E+04
2.314,,2314,68.26,,6.83E+04
2.316,,2316,67.79,,6.78E+04
2.318,,2318,67.45,,6.75E+04
2.32,,2320,67.68,,6.77E+04
2.322,,2322,66.75,,6.68E+04
2.324,,2324,65.36,,6.54E+04
2.326,,2326,65.59,,6.56E+04
2.328,,2328,66.29,,6.63E+04
2.33,,2330,66.16,,6.62E+04
2.332,,2332,65.84,,6.58E+04
2.334,,2334,65.71,,6.57E+04
2.336,,2336,65.36,,6.54E+04
2.338,,2338,64.96,,6.50E+04
2.34,,2340,65.2,,6.52E+04
2.342,,2342,65.39,,6.54E+04
2.344,,2344,65.09,,6.51E+04
2.346,,2346,64.86,,6.49E+04
2.348,,2348,64.72,,6.47E+04
2.35,,2350,64.53,,6.45E+04
2.352,,2352,62.89,,6.29E+04
2.354,,2354,62.39,,6.24E+04
2.356,,2356,62.82,,6.28E+04
2.358,,2358,62.66,,6.27E+04
2.36,,2360,63.08,,6.31E+04
2.362,,2362,63.05,,6.31E+04
2.364,,2364,62.95,,6.30E+04
2.366,,2366,62.84,,6.28E+04
2.368,,2368,62.63,,6.26E+04
2.37,,2370,62.11,,6.21E+04
2.372,,2372,62.07,,6.21E+04
2.374,,2374,60.66,,6.07E+04
2.376,,2376,61.64,,6.16E+04
2.378,,2378,61.92,,6.19E+04
2.38,,2380,61.72,,6.17E+04
2.382,,2382,60.98,,6.10E+04
2.384,,2384,58.85,,5.89E+04
2.386,,2386,59.08,,5.91E+04
2.388,,2388,60.04,,6.00E+04
2.39,,2390,60.29,,6.03E+04
2.392,,2392,60.08,,6.01E+04
2.394,,2394,60.03,,6.00E+04
2.396,,2396,59.96,,6.00E+04
2.398,,2398,59.89,,5.99E+04
2.4,,2400,59.44,,5.94E+04
2.402,,2402,59.65,,5.97E+04
2.404,,2404,59.45,,5.95E+04
2.406,,2406,59.19,,5.92E+04
2.408,,2408,59.15,,5.92E+04
2.41,,2410,59.02,,5.90E+04
2.412,,2412,58.94,,5.89E+04
2.414,,2414,57.34,,5.73E+04
2.416,,2416,55.99,,5.60E+04
2.418,,2418,57.48,,5.75E+04
2.42,,2420,57.7,,5.77E+04
2.422,,2422,57.67,,5.77E+04
2.424,,2424,57.26,,5.73E+04
2.426,,2426,57.17,,5.72E+04
2.428,,2428,57.12,,5.71E+04
2.43,,2430,57.12,,5.71E+04
2.432,,2432,57.02,,5.70E+04
2.434,,2434,56.41,,5.64E+04
2.436,,2436,56.18,,5.62E+04
2.438,,2438,55.99,,5.60E+04
2.44,,2440,56.39,,5.64E+04
2.442,,2442,56.17,,5.62E+04
2.444,,2444,56.03,,5.60E+04
2.446,,2446,54.98,,5.50E+04
2.448,,2448,54.57,,5.46E+04
2.45,,2450,54.62,,5.46E+04
2.452,,2452,54.32,,5.43E+04
2.454,,2454,54.55,,5.46E+04
2.456,,2456,53.7,,5.37E+04
2.458,,2458,53.92,,5.39E+04
2.46,,2460,54.57,,5.46E+04
2.462,,2462,54.42,,5.44E+04
2.464,,2464,54.35,,5.44E+04
2.466,,2466,54.05,,5.41E+04
2.468,,2468,53.9,,5.39E+04
2.47,,2470,52.85,,5.29E+04
2.472,,2472,53.3,,5.33E+04
2.474,,2474,53.13,,5.31E+04
2.476,,2476,53.43,,5.34E+04
2.478,,2478,53.03,,5.30E+04
2.48,,2480,51.77,,5.18E+04
2.482,,2482,51.4,,5.14E+04
2.484,,2484,52.19,,5.22E+04
2.486,,2486,51.6,,5.16E+04
2.488,,2488,51.69,,5.17E+04
2.49,,2490,52.25,,5.23E+04
2.492,,2492,51.98,,5.20E+04
2.494,,2494,51.75,,5.18E+04
2.496,,2496,51.52,,5.15E+04
2.498,,2498,51.54,,5.15E+04
2.5,,2500,51.55,,5.16E+04
2.52,,2520,49.84,,4.98E+04
2.54,,2540,48.14,,4.81E+04
2.56,,2560,46.72,,4.67E+04
2.58,,2580,45.5,,4.55E+04
2.6,,2600,44.57,,4.46E+04
2.62,,2620,43.05,,4.31E+04
2.64,,2640,42.11,,4.21E+04
2.66,,2660,40.79,,4.08E+04
2.68,,2680,39.68,,3.97E+04
2.7,,2700,38.67,,3.87E+04
2.72,,2720,37.63,,3.76E+04
2.74,,2740,36.63,,3.66E+04
2.76,,2760,35.46,,3.55E+04
2.78,,2780,34.68,,3.47E+04
2.8,,2800,33.85,,3.39E+04
2.82,,2820,32.97,,3.30E+04
2.84,,2840,32.09,,3.21E+04
2.86,,2860,31.19,,3.12E+04
2.88,,2880,30.32,,3.03E+04
2.9,,2900,29.69,,2.97E+04
2.92,,2920,28.9,,2.89E+04
2.94,,2940,28.17,,2.82E+04
2.96,,2960,27.5,,2.75E+04
2.98,,2980,26.82,,2.68E+04
3,,3000,26.12,,2.61E+04
3.02,,3020,25.47,,2.55E+04
3.04,,3040,24.65,,2.47E+04
3.06,,3060,24.22,,2.42E+04
3.08,,3080,23.64,,2.36E+04
3.1,,3100,23.06,,2.31E+04
3.12,,3120,22.46,,2.25E+04
3.14,,3140,21.98,,2.20E+04
3.16,,3160,21.44,,2.14E+04
3.18,,3180,20.96,,2.10E+04
3.2,,3200,20.48,,2.05E+04
3.22,,3220,20,,2.00E+04
3.24,,3240,19.51,,1.95E+04
3.26,,3260,19.07,,1.91E+04
3.28,,3280,18.58,,1.86E+04
3.3,,3300,18.02,,1.80E+04
3.32,,3320,17.68,,1.77E+04
3.34,,3340,17.37,,1.74E+04
3.36,,3360,16.97,,1.70E+04
3.38,,3380,16.59,,1.66E+04
3.4,,3400,16.15,,1.62E+04
3.42,,3420,15.84,,1.58E+04
3.44,,3440,15.54,,1.55E+04
3.46,,3460,15.2,,1.52E+04
3.48,,3480,14.86,,1.49E+04
3.5,,3500,14.56,,1.46E+04
3.52,,3520,14.25,,1.43E+04
3.54,,3540,13.93,,1.39E+04
3.56,,3560,13.62,,1.36E+04
3.58,,3580,13.34,,1.33E+04
3.6,,3600,13.07,,1.31E+04
3.62,,3620,12.81,,1.28E+04
3.64,,3640,12.51,,1.25E+04
3.66,,3660,12.22,,1.22E+04
3.68,,3680,11.93,,1.19E+04
3.7,,3700,11.62,,1.16E+04
3.72,,3720,11.45,,1.15E+04
3.74,,3740,11.08,,1.11E+04
3.76,,3760,10.96,,1.10E+04
3.78,,3780,10.78,,1.08E+04
3.8,,3800,10.57,,1.06E+04
3.82,,3820,10.38,,1.04E+04
3.84,,3840,10.19,,1.02E+04
3.86,,3860,9.983,,9.98E+03
3.88,,3880,9.782,,9.78E+03
3.9,,3900,9.599,,9.60E+03
3.92,,3920,9.427,,9.43E+03
3.94,,3940,9.233,,9.23E+03
3.96,,3960,9.032,,9.03E+03
3.98,,3980,8.857,,8.86E+03
4,,4000,8.669,,8.67E+03
4.02,,4020,8.557,,8.56E+03
4.04,,4040,8.385,,8.39E+03
4.06,,4060,8.217,,8.22E+03
4.08,,4080,8.054,,8.05E+03
4.1,,4100,7.894,,7.89E+03
4.12,,4120,7.739,,7.74E+03
4.14,,4140,7.587,,7.59E+03
4.16,,4160,7.439,,7.44E+03
4.18,,4180,7.294,,7.29E+03
4.2,,4200,7.153,,7.15E+03
4.22,,4220,7.015,,7.02E+03
4.24,,4240,6.881,,6.88E+03
4.26,,4260,6.749,,6.75E+03
4.28,,4280,6.621,,6.62E+03
4.3,,4300,6.496,,6.50E+03
4.32,,4320,6.374,,6.37E+03
4.34,,4340,6.254,,6.25E+03
4.36,,4360,6.138,,6.14E+03
4.38,,4380,6.024,,6.02E+03
4.4,,4400,5.913,,5.91E+03
4.42,,4420,5.804,,5.80E+03
4.44,,4440,5.698,,5.70E+03
4.46,,4460,5.594,,5.59E+03
4.48,,4480,5.492,,5.49E+03
4.5,,4500,5.393,,5.39E+03
4.52,,4520,5.296,,5.30E+03
4.54,,4540,5.201,,5.20E+03
4.56,,4560,5.108,,5.11E+03
4.58,,4580,5.018,,5.02E+03
4.6,,4600,4.929,,4.93E+03
4.62,,4620,4.842,,4.84E+03
4.64,,4640,4.757,,4.76E+03
4.66,,4660,4.674,,4.67E+03
4.68,,4680,4.593,,4.59E+03
4.7,,4700,4.514,,4.51E+03
4.72,,4720,4.436,,4.44E+03
4.74,,4740,4.36,,4.36E+03
4.76,,4760,4.285,,4.29E+03
4.78,,4780,4.212,,4.21E+03
4.8,,4800,4.141,,4.14E+03
4.82,,4820,4.071,,4.07E+03
4.84,,4840,4.003,,4.00E+03
4.86,,4860,3.936,,3.94E+03
4.88,,4880,3.87,,3.87E+03
4.9,,4900,3.806,,3.81E+03
4.92,,4920,3.743,,3.74E+03
4.94,,4940,3.681,,3.68E+03
4.96,,4960,3.621,,3.62E+03
4.98,,4980,3.562,,3.56E+03
5,,5000,3.504,,3.50E+03
5.05,,5050,3.394,,3.39E+03
5.1,,5100,3.267,,3.27E+03
5.15,,5150,3.146,,3.15E+03
5.2,,5200,3.03,,3.03E+03
5.25,,5250,2.92,,2.92E+03
5.3,,5300,2.815,,2.82E+03
5.35,,5350,2.715,,2.72E+03
5.4,,5400,2.619,,2.62E+03
5.45,,5450,2.527,,2.53E+03
5.5,,5500,2.439,,2.44E+03
5.55,,5550,2.355,,2.36E+03
5.6,,5600,2.275,,2.28E+03
5.65,,5650,2.198,,2.20E+03
5.7,,5700,2.124,,2.12E+03
5.75,,5750,2.054,,2.05E+03
5.8,,5800,1.986,,1.99E+03
5.85,,5850,1.921,,1.92E+03
5.9,,5900,1.859,,1.86E+03
5.95,,5950,1.799,,1.80E+03
6,,6000,1.742,,1.74E+03
6.05,,6050,1.687,,1.69E+03
6.1,,6100,1.634,,1.63E+03
6.15,,6150,1.583,,1.58E+03
6.2,,6200,1.534,,1.53E+03
6.25,,6250,1.487,,1.49E+03
6.3,,6300,1.442,,1.44E+03
6.35,,6350,1.399,,1.40E+03
6.4,,6400,1.357,,1.36E+03
6.45,,6450,1.317,,1.32E+03
6.5,,6500,1.278,,1.28E+03
6.55,,6550,1.24,,1.24E+03
6.6,,6600,1.204,,1.20E+03
6.65,,6650,1.17,,1.17E+03
6.7,,6700,1.136,,1.14E+03
6.75,,6750,1.104,,1.10E+03
6.8,,6800,1.073,,1.07E+03
6.85,,6850,1.043,,1.04E+03
6.9,,6900,1.014,,1.01E+03
6.95,,6950,0.9862,,9.86E+02
7,,7000,0.9592,,9.59E+02
7.05,,7050,0.9331,,9.33E+02
7.1,,7100,0.908,,9.08E+02
7.15,,7150,0.8836,,8.84E+02
7.2,,7200,0.8601,,8.60E+02
7.25,,7250,0.8374,,8.37E+02
7.3,,7300,0.8154,,8.15E+02
7.35,,7350,0.7942,,7.94E+02
7.4,,7400,0.7736,,7.74E+02
7.45,,7450,0.7537,,7.54E+02
7.5,,7500,0.7344,,7.34E+02
7.55,,7550,0.7158,,7.16E+02
7.6,,7600,0.6977,,6.98E+02
7.65,,7650,0.6802,,6.80E+02
7.7,,7700,0.6633,,6.63E+02
7.75,,7750,0.6469,,6.47E+02
7.8,,7800,0.631,,6.31E+02
7.85,,7850,0.6156,,6.16E+02
7.9,,7900,0.6006,,6.01E+02
7.95,,7950,0.5862,,5.86E+02
8,,8000,0.5721,,5.72E+02
8.05,,8050,0.5585,,5.59E+02
8.1,,8100,0.5453,,5.45E+02
8.15,,8150,0.5324,,5.32E+02
8.2,,8200,0.52,,5.20E+02
8.25,,8250,0.5079,,5.08E+02
8.3,,8300,0.4961,,4.96E+02
8.35,,8350,0.4847,,4.85E+02
8.4,,8400,0.4737,,4.74E+02
8.45,,8450,0.4629,,4.63E+02
8.5,,8500,0.4525,,4.53E+02
8.55,,8550,0.4423,,4.42E+02
8.6,,8600,0.4324,,4.32E+02
8.65,,8650,0.4228,,4.23E+02
8.7,,8700,0.4135,,4.14E+02
8.75,,8750,0.4044,,4.04E+02
8.8,,8800,0.3956,,3.96E+02
8.85,,8850,0.387,,3.87E+02
8.9,,8900,0.3787,,3.79E+02
8.95,,8950,0.3706,,3.71E+02
9,,9000,0.3627,,3.63E+02
9.05,,9050,0.355,,3.55E+02
9.1,,9100,0.3475,,3.48E+02
9.15,,9150,0.3402,,3.40E+02
9.2,,9200,0.3331,,3.33E+02
9.25,,9250,0.3262,,3.26E+02
9.3,,9300,0.3195,,3.20E+02
9.35,,9350,0.3129,,3.13E+02
9.4,,9400,0.3065,,3.07E+02
9.45,,9450,0.3003,,3.00E+02
9.5,,9500,0.2942,,2.94E+02
9.55,,9550,0.2883,,2.88E+02
9.6,,9600,0.2825,,2.83E+02
9.65,,9650,0.2769,,2.77E+02
9.7,,9700,0.2714,,2.71E+02
9.75,,9750,0.2661,,2.66E+02
9.8,,9800,0.2608,,2.61E+02
9.85,,9850,0.2558,,2.56E+02
9.9,,9900,0.2508,,2.51E+02
9.95,,9950,0.246,,2.46E+02
10,,10000,0.2412,,2.41E+02
11,,11000,0.1635,,1.64E+02
12,,12000,0.1152,,1.15E+02
13,,13000,8.34E-02,,8.34E+01
14,,14000,6.19E-02,,6.19E+01
15,,15000,4.69E-02,,4.69E+01
16,,16000,3.61E-02,,3.61E+01
17,,17000,2.83E-02,,2.83E+01
18,,18000,2.25E-02,,2.25E+01
19,,19000,1.81E-02,,1.81E+01
20,,20000,1.47E-02,,1.47E+01
25,,25000,6.05E-03,,6.05E+00
30,,30000,2.93E-03,,2.93E+00
35,,35000,1.58E-03,,1.58E+00
40,,40000,9.31E-04,,9.31E-01
50,,50000,3.83E-04,,3.83E-01
60,,60000,1.85E-04,,1.85E-01
80,,80000,5.88E-05,,5.88E-02
100,,100000,2.42E-05,,2.42E-02
120,,120000,1.17E-05,,1.17E-02
150,,150000,4.81E-06,,4.81E-03
200,,200000,1.53E-06,,1.53E-03
250,,250000,6.28E-07,,6.28E-04
300,,300000,2.95E-07,,2.95E-04
400,,400000,1.01E-07,,1.01E-04
1000,,1000000,3.38E-09,,3.38E-06
